{"stats":{"minecraft:dropped":{"minecraft:pumpkin":13,"minecraft:jack_o_lantern":9},"minecraft:picked_up":{"minecraft:pumpkin":13,"minecraft:jack_o_lantern":9},"minecraft:killed":{"minecraft:giant":1},"minecraft:custom":{"minecraft:time_since_rest":30660,"minecraft:crouch_one_cm":7614,"minecraft:sprint_one_cm":11581,"minecraft:play_time":30660,"minecraft:damage_taken":64,"minecraft:walk_one_cm":23287,"minecraft:sneak_time":1736,"minecraft:walk_under_water_one_cm":1488,"minecraft:mob_kills":1,"minecraft:drop":22,"minecraft:aviate_one_cm":31293,"minecraft:jump":151,"minecraft:damage_dealt":1000,"minecraft:leave_game":3,"minecraft:walk_on_water_one_cm":2119,"minecraft:time_since_death":30660,"minecraft:total_world_time":30660,"minecraft:swim_one_cm":977,"minecraft:fall_one_cm":3385,"minecraft:fly_one_cm":14689},"minecraft:mined":{"minecraft:dark_oak_leaves":1,"lucky:lucky_block":2}},"DataVersion":3465}