{"stats":{"minecraft:custom":{"minecraft:jump":61,"minecraft:time_since_rest":5577,"minecraft:crouch_one_cm":137,"minecraft:leave_game":1,"minecraft:sprint_one_cm":8405,"minecraft:play_time":5577,"minecraft:damage_taken":20,"minecraft:time_since_death":5577,"minecraft:walk_one_cm":4545,"minecraft:sneak_time":14,"minecraft:total_world_time":5577,"minecraft:fall_one_cm":3048,"minecraft:fly_one_cm":12619},"minecraft:picked_up":{"minecraft:stick":3},"minecraft:mined":{"minecraft:dead_bush":5}},"DataVersion":3465}