{"stats":{"minecraft:picked_up":{"minecraft:stick":2,"minecraft:wheat_seeds":1,"minecraft:oak_log":11},"minecraft:custom":{"minecraft:time_since_rest":18212,"minecraft:crouch_one_cm":4775,"minecraft:sprint_one_cm":8551,"minecraft:play_time":18212,"minecraft:damage_taken":80,"minecraft:walk_one_cm":20823,"minecraft:sneak_time":1078,"minecraft:jump":86,"minecraft:leave_game":2,"minecraft:time_since_death":18212,"minecraft:total_world_time":18212,"minecraft:interact_with_crafting_table":1,"minecraft:fall_one_cm":3303,"minecraft:fly_one_cm":6941},"minecraft:used":{"minecraft:wooden_axe":6,"minecraft:crafting_table":1,"alexsmobs:animal_dictionary":2},"minecraft:crafted":{"minecraft:oak_planks":24,"minecraft:crafting_table":1,"minecraft:stick":4,"minecraft:wooden_axe":1},"minecraft:mined":{"minecraft:grass":2,"minecraft:oak_log":11,"minecraft:birch_leaves":1,"minecraft:oak_leaves":7}},"DataVersion":3465}