{"stats":{"minecraft:dropped":{"minecraft:dandelion":1},"minecraft:picked_up":{"minecraft:dandelion":1,"lucky:lucky_bow":1},"minecraft:custom":{"minecraft:jump":272,"minecraft:time_since_rest":57148,"minecraft:damage_dealt":34,"minecraft:leave_game":3,"minecraft:crouch_one_cm":4259,"minecraft:play_time":57148,"minecraft:sprint_one_cm":31504,"minecraft:damage_taken":230,"minecraft:time_since_death":57148,"minecraft:walk_one_cm":18338,"minecraft:sneak_time":1299,"minecraft:total_world_time":57148,"minecraft:climb_one_cm":808,"minecraft:fall_one_cm":9102,"minecraft:drop":1,"minecraft:fly_one_cm":82436},"minecraft:mined":{"minecraft:grass":1,"lucky:lucky_block":1}},"DataVersion":3465}