{
  "minecraft:recipes/decorations/crafting_table": {
    "criteria": {
      "unlock_right_away": "2024-05-18 18:44:30 +0000"
    },
    "done": true
  },
  "betterdeserttemples:root": {
    "criteria": {
      "always": "2024-05-18 18:44:30 +0000"
    },
    "done": true
  },
  "bettermcdonaldsmod:bettermcdonaldsmod/root": {
    "criteria": {
      "tick": "2024-05-18 18:44:30 +0000"
    },
    "done": true
  },
  "ironfurnaces:coal": {
    "criteria": {
      "rainbowcoal": "2024-05-18 18:44:30 +0000"
    },
    "done": true
  },
  "betterdungeons:root": {
    "criteria": {
      "always": "2024-05-18 18:44:30 +0000"
    },
    "done": true
  },
  "minecraft:adventure/adventuring_time": {
    "criteria": {
      "minecraft:snowy_slopes": "2024-05-18 19:02:10 +0000",
      "minecraft:stony_shore": "2024-05-18 18:46:27 +0000",
      "minecraft:jagged_peaks": "2024-05-18 19:02:08 +0000",
      "minecraft:forest": "2024-05-18 19:05:17 +0000",
      "minecraft:meadow": "2024-05-18 19:05:31 +0000",
      "minecraft:plains": "2024-05-18 18:44:32 +0000"
    },
    "done": false
  },
  "minecraft:recipes/misc/yellow_dye_from_dandelion": {
    "criteria": {
      "has_dandelion": "2024-05-18 19:08:38 +0000"
    },
    "done": true
  },
  "DataVersion": 3465
}